카테고리,유형,옵션/길이,비고,가격
남성,실리콘(남색),6mm,,9,900
남성,실리콘(남색),8mm,,9,900
남성,실리콘(남색),11mm,,9,900
남성,실리콘(남색),15mm,,9,900
남성,실리콘(남색),18mm,,9,900
남성,실리콘(남색),6mm 각도(좌측우측 각1개 2개 1세트),,9,900
남성,실리콘(남색),6mm 각도(좌측 2개 1세트),,9,900
남성,실리콘(남색),6mm 각도(우측 2개 1세트),,9,900
남성,실리콘(남색),11mm 각도 좌측,,9,900
남성,실리콘(남색),11mm 각도 우측,,9,900

여성,실리콘(남색),5mm,,9,900
여성,실리콘(남색),7mm,,9,900
여성,실리콘(남색),10mm,,9,900
여성,실리콘(남색),13mm,,9,900
여성,실리콘(남색),16mm,,9,900
여성,실리콘(남색),5mm 각도(좌측우측 각1개 2개 1세트),,9,900
여성,실리콘(남색),5mm 각도(좌측 2개 1세트),,9,900
여성,실리콘(남색),5mm 각도(우측 2개 1세트),,9,900
여성,실리콘(남색),10mm 각도 좌측,,9,900
여성,실리콘(남색),10mm 각도 우측,,9,900

양말,남성/여성,,,9,900

아로마오일, 10ml ,,9,900

기타,힐링맥스,,,"99,000"
기타,쿠론타,,,"132,000"
